<Ui>
  <Name>HUD</Name>
  <ScaleInPixels x="1280" y="768" />
  <ConstrainInParent>true</ConstrainInParent>
  <Controls>
    <LabelControl>
      <Name>TimerLabel</Name>
      <Font>arial</Font>
      <Text>0</Text>
      <Height>40</Height>
      <AutoSize>true</AutoSize>
      <Position x="0" y ="0" />
      <TextColor r="64" g="224" b="208" a="255"/>
    </LabelControl>
    <LabelControl>
      <Name>LivesLabel</Name>
      <Font>arial</Font>
      <Text>0</Text>
      <Height>40</Height>
      <AutoSize>true</AutoSize>
      <Position x="1280" y ="0" />
      <TextColor r="64" g="224" b="208" a="255"/>
    </LabelControl>
    <LabelControl>
      <Name>StartGame</Name>
      <Font>arial</Font>
      <Text>Press Space to Continue</Text>
      <Height>40</Height>
      <AutoSize>true</AutoSize>
      <Position x="540" y ="424" />
      <TextColor r="255" g="255" b="255" a="255"/>
      <Visible>true</Visible>
    </LabelControl>
    <LabelControl>
      <Name>GameOver</Name>
      <Font>arial</Font>
      <Text>Game Over</Text>
      <Height>40</Height>
      <AutoSize>true</AutoSize>
      <Position x="600" y ="324" />
      <TextColor r="255" g="255" b="255" a="255"/>
      <Visible>false</Visible>
    </LabelControl>
  </Controls>
</Ui>