<Ui>
  <Name>OptionScreen</Name>
  <ScaleInPixels x="1280" y="768" />
  <ConstrainInParent>true</ConstrainInParent>
  <Controls>
    <LabelControl>
      <Name>TitleLable</Name>
      <Font>JokerMan</Font>
      <Text>Options</Text>
      <Height>200</Height>
      <AutoSize>true</AutoSize>
      <Position x="357" y ="0" />
      <TextColor r="255" g="0" b="0" a="255"/>
    </LabelControl>
    <CheckBoxControl>
      <Name>cbMusic</Name>
      <Checked>false</Checked>
      <SpaceCaption>10</SpaceCaption>
      <Position x="0" y="250" />
      <TickBox>
        <DefaultImage>Unchecked.png</DefaultImage>
        <PressedImage>Checked.png</PressedImage>
        <AutoSize>false</AutoSize>
        <ScaleInPixels x="50" y="30" />
      </TickBox>
      <LabelControl>
        <Font>licorice</Font>
        <Text>Music</Text>
        <Height>20</Height>
        <AutoSize>true</AutoSize>
        <TextColor r="255" g="255" b="255" a="255"/>
      </LabelControl>
    </CheckBoxControl>
    <CheckBoxControl>
      <Name>cbSFX</Name>
      <Checked>false</Checked>
      <SpaceCaption>10</SpaceCaption>
      <Position x="0" y="300" />
      <TickBox>
        <DefaultImage>Unchecked.png</DefaultImage>
        <PressedImage>Checked.png</PressedImage>
        <AutoSize>false</AutoSize>
        <ScaleInPixels x="50" y="30" />
      </TickBox>
      <LabelControl>
        <Font>licorice</Font>
        <Text>SFX</Text>
        <Height>20</Height>
        <AutoSize>true</AutoSize>
        <TextColor r="255" g="255" b="255" a="255"/>
      </LabelControl>
    </CheckBoxControl>
    <CheckBoxControl>
      <Name>cbFullscreen</Name>
      <Checked>false</Checked>
      <SpaceCaption>10</SpaceCaption>
      <Position x="0" y="350" />
      <TickBox>
        <DefaultImage>Unchecked.png</DefaultImage>
        <PressedImage>Checked.png</PressedImage>
        <AutoSize>false</AutoSize>
        <ScaleInPixels x="50" y="30" />
      </TickBox>
      <LabelControl>
        <Font>licorice</Font>
        <Text>FullScreen</Text>
        <Height>20</Height>
        <AutoSize>true</AutoSize>
        <TextColor r="255" g="255" b="255" a="255"/>
      </LabelControl>
    </CheckBoxControl>
    <LabelControl>
      <Name>MusicVolume</Name>
      <Font>licorice</Font>
      <Text>Music Volume</Text>
      <Height>20</Height>
      <AutoSize>true</AutoSize>
      <Position x="0" y ="406" />
      <TextColor r="255" g="255" b="255" a="255"/>
    </LabelControl>
    <HorizontalScrollBar>
      <Name>hsbMusicVolume</Name>
      <BackGroundImage>ScrollBar_BG.png</BackGroundImage>
      <Position x="120" y="400" />
      <ScaleInPixels x="200" y="30" />
      <MinValue>0</MinValue>
      <MaxValue>20</MaxValue>
      <InitialThumbPosition>0</InitialThumbPosition>
      <ThumbButton>
        <DefaultImage>ScrollBar_Thumb.png</DefaultImage>
        <PressedImage>ScrollBar_Thumb.png</PressedImage>
      </ThumbButton>
      <DecrementButton>
        <DefaultImage>ScrollBar_Left.png</DefaultImage>
        <PressedImage>ScrollBar_Left.png</PressedImage>
      </DecrementButton>
      <IncrementButton>
        <DefaultImage>ScrollBar_Right.png</DefaultImage>
        <PressedImage>ScrollBar_Right.png</PressedImage>
      </IncrementButton>
    </HorizontalScrollBar>
    <LabelControl>
      <Name>tbMusicVolume</Name>
      <BackGroundImage>TextBox.png</BackGroundImage>
      <Font>JokerMan</Font>
      <Text>0</Text>
      <Height>20</Height>
      <AutoSize>true</AutoSize>
      <Position x="340" y ="406" />
      <TextColor r="0" g="0" b="0" a="255"/>
    </LabelControl>
    <LabelControl>
      <Name>SFXVolume</Name>
      <Font>licorice</Font>
      <Text>SFX Volume</Text>
      <Height>20</Height>
      <AutoSize>true</AutoSize>
      <Position x="0" y ="456" />
      <TextColor r="255" g="255" b="255" a="255"/>
    </LabelControl>
    <HorizontalScrollBar>
      <Name>hsbSFXVolume</Name>
      <BackGroundImage>ScrollBar_BG.png</BackGroundImage>
      <Position x="120" y="450" />
      <ScaleInPixels x="200" y="30" />
      <MinValue>0</MinValue>
      <MaxValue>20</MaxValue>
      <InitialThumbPosition>0</InitialThumbPosition>
      <ThumbButton>
        <DefaultImage>ScrollBar_Thumb.png</DefaultImage>
        <PressedImage>ScrollBar_Thumb.png</PressedImage>
      </ThumbButton>
      <DecrementButton>
        <DefaultImage>ScrollBar_Left.png</DefaultImage>
        <PressedImage>ScrollBar_Left.png</PressedImage>
      </DecrementButton>
      <IncrementButton>
        <DefaultImage>ScrollBar_Right.png</DefaultImage>
        <PressedImage>ScrollBar_Right.png</PressedImage>
      </IncrementButton>
    </HorizontalScrollBar>
    <LabelControl>
      <Name>tbSFXVolume</Name>
      <BackGroundImage>TextBox.png</BackGroundImage>
      <Font>JokerMan</Font>
      <Text>0</Text>
      <Height>20</Height>
      <AutoSize>true</AutoSize>
      <Position x="340" y ="456" />
      <TextColor r="0" g="0" b="0" a="255"/>
    </LabelControl>
    <ButtonControl>
      <Name>btnBack</Name>
      <DefaultImage>buttonDefault.png</DefaultImage>
      <PressedImage>buttonPressed.png</PressedImage>
      <AutoSize>true</AutoSize>
      <Position x="0" y="550" />
      <LabelControl>
        <Font>licorice</Font>
        <Text>Back</Text>
        <Height>50</Height>
        <AutoSize>true</AutoSize>
        <TextColor r="0" g="0" b="255" a="255"/>
      </LabelControl>
    </ButtonControl>
    <TextBoxControl>
      <BackGroundImage>Textbox.png</BackGroundImage>
      <ScaleInPixels x="200" y="30" />
      <Position x="340" y ="556" />
      <Font>licorice</Font>
      <TextColor r="0" g="0" b="255" a="255"/>
      <Height>20</Height>
      <CaretImage>Caret.png</CaretImage>
      <CaretWidth>3</CaretWidth>
      <CaretUpdateTime>0.5</CaretUpdateTime>
      <Text>Enter Text</Text>
    </TextBoxControl>
  </Controls>
</Ui>