<Ui>
  <Name>RedefineControlsScreen</Name>
  <ScaleInPixels x="1280" y="768" />
  <ConstrainInParent>true</ConstrainInParent>
  <Controls>
    <LabelControl>
      <Name>LabelRedefineControls</Name>
      <Font>JokerMan</Font>
      <Text>High Scores</Text>
      <Height>200</Height>
      <AutoSize>true</AutoSize>
      <Position x="257" y ="0" />
      <TextColor r="255" g="0" b="0" a="255"/>
    </LabelControl>
    <LabelControl>
      <Name>LabelControlDisplayNameTemplate</Name>
      <BackGroundImage>TextBox.png</BackGroundImage>
      <Font>Licorice</Font>
      <Text></Text>
      <AutoSize>false</AutoSize>
      <Position x="0" y ="0" /><ScaleInPixels x="200" y="50" />
      <Height>30</Height>
      <TextColor r="0" g="0" b="255" a="255"/>
      <Visible>False</Visible>
    </LabelControl>
    <ButtonControl>
      <Name>btnControlKeyTemplate</Name>
      <DefaultImage>buttonDefault.png</DefaultImage>
      <PressedImage>buttonPressed.png</PressedImage>
      <AutoSize>false</AutoSize>
      <ScaleInPixels x="200" y="30" />
      <Position x="0" y="0" />
      <Visible>false</Visible>
      <LabelControl>
        <Font>licorice</Font>
        <Text></Text>
        <Height>30</Height>
        <AutoSize>true</AutoSize>
        <TextColor r="0" g="0" b="255" a="255"/>
      </LabelControl>
    </ButtonControl>
    <ButtonControl>
      <Name>btnOk</Name>
      <DefaultImage>buttonDefault.png</DefaultImage>
      <PressedImage>buttonPressed.png</PressedImage>
      <AutoSize>false</AutoSize>
      <ScaleInPixels x="200" y="50" />
      <Position x="100" y="500" />
      <LabelControl>
        <Font>licorice</Font>
        <Text>Ok</Text>
        <Height>50</Height>
        <AutoSize>true</AutoSize>
        <TextColor r="0" g="0" b="255" a="255"/>
      </LabelControl>
    </ButtonControl>
    <ButtonControl>
      <Name>btnReset</Name>
      <DefaultImage>buttonDefault.png</DefaultImage>
      <PressedImage>buttonPressed.png</PressedImage>
      <AutoSize>false</AutoSize>
      <ScaleInPixels x="200" y="50" />
      <Position x="400" y="500" />
      <LabelControl>
        <Font>licorice</Font>
        <Text>Reset</Text>
        <Height>50</Height>
        <AutoSize>true</AutoSize>
        <TextColor r="0" g="0" b="255" a="255"/>
      </LabelControl>
    </ButtonControl>
    <ButtonControl>
      <Name>btnCancel</Name>
      <DefaultImage>buttonDefault.png</DefaultImage>
      <PressedImage>buttonPressed.png</PressedImage>
      <AutoSize>false</AutoSize>
      <ScaleInPixels x="200" y="50" />
      <Position x="700" y="500" />
      <LabelControl>
        <Font>licorice</Font>
        <Text>Cancel</Text>
        <Height>50</Height>
        <AutoSize>true</AutoSize>
        <TextColor r="0" g="0" b="255" a="255"/>
      </LabelControl>
    </ButtonControl>
  </Controls>
</Ui>