<Entities>
  <Paddle>
    <TransformComponent>
      <ScaleInPixels x="100" y="25"/>
    </TransformComponent>
    <SpriteComponent>
      <Name>paddleBlu.png</Name>
    </SpriteComponent>
    <KeyboardHandlerComponent></KeyboardHandlerComponent>
    <PhysicsComponent>
      <ApplyGravity>False</ApplyGravity>
      <Shape>Rectangle</Shape>
      <TopSpeed>1000</TopSpeed>
      <Force>10000</Force>
      <Mass>1.0</Mass>
      <LinearDamping>0.1</LinearDamping>
      <Material>Bouncy</Material>
      <Kinematic>true</Kinematic>
    </PhysicsComponent>
  </Paddle>
  <Ball>
    <TransformComponent>
      <Position x="100" y="300"/>
      <ScaleInPixels x="22" y="22"/>
    </TransformComponent>
    <SpriteComponent>
      <Name>ballGrey.png</Name>
    </SpriteComponent>
    <PhysicsComponent>
      <ApplyGravity>False</ApplyGravity>
      <Shape>Rectangle</Shape>
      <TopSpeed>300</TopSpeed>
      <Force>1000</Force>
      <Mass>0.005</Mass>
      <LinearDamping>0</LinearDamping>
      <Material>SuperBall</Material>
      <Kinematic>true</Kinematic>
    </PhysicsComponent>
  </Ball>
  <BaseBrick>
    <TransformComponent>
      <ScaleInPixels x="64" y="32"/>
    </TransformComponent>
    <SpriteComponent>
      <Name>element_blue_rectangle_glossy.png</Name>
    </SpriteComponent>
    <PhysicsComponent>
      <ApplyGravity>False</ApplyGravity>
      <Shape>Rectangle</Shape>
      <Material>Bouncy</Material>
      <Kinematic>false</Kinematic>
    </PhysicsComponent>
  </BaseBrick>
  <Wall>
    <TransformComponent>
    </TransformComponent>
    <SpriteComponent>
      <Name>element_blue_rectangle_glossy.png</Name>
    </SpriteComponent>
    <PhysicsComponent>
      <ApplyGravity>False</ApplyGravity>
      <Shape>Rectangle</Shape>
      <Material>Bouncy</Material>
      <Kinematic>true</Kinematic>
    </PhysicsComponent>
  </Wall>
</Entities>