<Physics>
  <Gravity>981</Gravity>
  <TimeStepFrequency>60</TimeStepFrequency>
  <QuadTree>
    <UseQuadTree>true</UseQuadTree>
    <LooseningFactor>0.5</LooseningFactor>
    <MaxDepth>6</MaxDepth>
    <MaxObjects>15</MaxObjects>
  </QuadTree>
  <PhysicsMaterials>
    <PlayDough restitution="0.05" friction="0.9"/>
    <Normal restitution="0.25" friction="0.5"/>
    <Bouncy restitution="1.0" friction="0.5"/>
    <Slippery restitution="0.25" friction="0.0"/>
    <Rock restitution="0.1" friction="0.5"/>
    <Wood restitution="0.2" friction="0.5"/>
    <Metal restitution="0.05" friction="0.5"/>
    <BouncyBall restitution="0.8" friction="0.5"/>
    <SuperBall restitution="0.95" friction="0.5"/>
    <Pillow restitution="0.2" friction="0.5"/>
    <Static restitution="0.4" friction="0.5"/>
    <GolfBall	restitution="0.858" friction="0.5"/>
    <TennisBall	restitution="0.712" friction="0.5"/>
    <BilliardBall restitution="0.804" friction="0.5"/>
    <HandBall	restitution="0.752" friction="0.5"/>
    <WoodenBall	restitution="0.603" friction="0.5"/>
    <SteelBallBearing	restitution="0.597" friction="0.5"/>
    <GlassMarble restitution="0.658" friction="0.5"/>
    <BallOfRubberBands restitution="0.828" friction="0.5"/>
    <HardPlasticBall restitution="0.688" friction="0.5"/>
  </PhysicsMaterials>
</Physics>
